intersection_id,tollgate_id,time_window,avg_travel_time
A,2,"[2016-10-18 08:00:00,2016-10-18 08:20:00)",100.04737854003906
A,2,"[2016-10-18 08:20:00,2016-10-18 08:40:00)",81.54484558105469
A,2,"[2016-10-18 08:40:00,2016-10-18 09:00:00)",50.90938186645508
A,2,"[2016-10-18 09:00:00,2016-10-18 09:20:00)",54.53575134277344
A,2,"[2016-10-18 09:20:00,2016-10-18 09:40:00)",65.83426666259766
A,2,"[2016-10-18 09:40:00,2016-10-18 10:00:00)",67.24951934814453
A,3,"[2016-10-18 08:00:00,2016-10-18 08:20:00)",176.09043884277344
A,3,"[2016-10-18 08:20:00,2016-10-18 08:40:00)",164.3280792236328
A,3,"[2016-10-18 08:40:00,2016-10-18 09:00:00)",130.8099822998047
A,3,"[2016-10-18 09:00:00,2016-10-18 09:20:00)",125.463134765625
A,3,"[2016-10-18 09:20:00,2016-10-18 09:40:00)",106.25177001953125
A,3,"[2016-10-18 09:40:00,2016-10-18 10:00:00)",116.1744613647461
B,1,"[2016-10-18 08:00:00,2016-10-18 08:20:00)",95.72049713134766
B,1,"[2016-10-18 08:20:00,2016-10-18 08:40:00)",105.57606506347656
B,1,"[2016-10-18 08:40:00,2016-10-18 09:00:00)",90.73683166503906
B,1,"[2016-10-18 09:00:00,2016-10-18 09:20:00)",88.84369659423828
B,1,"[2016-10-18 09:20:00,2016-10-18 09:40:00)",88.59558868408203
B,1,"[2016-10-18 09:40:00,2016-10-18 10:00:00)",89.61223602294922
B,3,"[2016-10-18 08:00:00,2016-10-18 08:20:00)",71.04931640625
B,3,"[2016-10-18 08:20:00,2016-10-18 08:40:00)",69.5481185913086
B,3,"[2016-10-18 08:40:00,2016-10-18 09:00:00)",73.28022003173828
B,3,"[2016-10-18 09:00:00,2016-10-18 09:20:00)",71.77601623535156
B,3,"[2016-10-18 09:20:00,2016-10-18 09:40:00)",58.774078369140625
B,3,"[2016-10-18 09:40:00,2016-10-18 10:00:00)",57.548744201660156
C,1,"[2016-10-18 08:00:00,2016-10-18 08:20:00)",194.26181030273438
C,1,"[2016-10-18 08:20:00,2016-10-18 08:40:00)",150.3475799560547
C,1,"[2016-10-18 08:40:00,2016-10-18 09:00:00)",149.883056640625
C,1,"[2016-10-18 09:00:00,2016-10-18 09:20:00)",159.9746551513672
C,1,"[2016-10-18 09:20:00,2016-10-18 09:40:00)",168.33909606933594
C,1,"[2016-10-18 09:40:00,2016-10-18 10:00:00)",180.98785400390625
C,3,"[2016-10-18 08:00:00,2016-10-18 08:20:00)",162.24224853515625
C,3,"[2016-10-18 08:20:00,2016-10-18 08:40:00)",135.34963989257812
C,3,"[2016-10-18 08:40:00,2016-10-18 09:00:00)",136.08062744140625
C,3,"[2016-10-18 09:00:00,2016-10-18 09:20:00)",138.28919982910156
C,3,"[2016-10-18 09:20:00,2016-10-18 09:40:00)",138.48394775390625
C,3,"[2016-10-18 09:40:00,2016-10-18 10:00:00)",129.81045532226562
A,2,"[2016-10-19 08:00:00,2016-10-19 08:20:00)",112.0435562133789
A,2,"[2016-10-19 08:20:00,2016-10-19 08:40:00)",72.5641860961914
A,2,"[2016-10-19 08:40:00,2016-10-19 09:00:00)",67.14290618896484
A,2,"[2016-10-19 09:00:00,2016-10-19 09:20:00)",60.61920928955078
A,2,"[2016-10-19 09:20:00,2016-10-19 09:40:00)",63.4604377746582
A,2,"[2016-10-19 09:40:00,2016-10-19 10:00:00)",64.13398742675781
A,3,"[2016-10-19 08:00:00,2016-10-19 08:20:00)",155.05186462402344
A,3,"[2016-10-19 08:20:00,2016-10-19 08:40:00)",150.33180236816406
A,3,"[2016-10-19 08:40:00,2016-10-19 09:00:00)",128.57778930664062
A,3,"[2016-10-19 09:00:00,2016-10-19 09:20:00)",124.32621765136719
A,3,"[2016-10-19 09:20:00,2016-10-19 09:40:00)",108.61771392822266
A,3,"[2016-10-19 09:40:00,2016-10-19 10:00:00)",121.64642333984375
B,1,"[2016-10-19 08:00:00,2016-10-19 08:20:00)",100.87550354003906
B,1,"[2016-10-19 08:20:00,2016-10-19 08:40:00)",86.65882110595703
B,1,"[2016-10-19 08:40:00,2016-10-19 09:00:00)",90.14813995361328
B,1,"[2016-10-19 09:00:00,2016-10-19 09:20:00)",102.56600952148438
B,1,"[2016-10-19 09:20:00,2016-10-19 09:40:00)",106.04866027832031
B,1,"[2016-10-19 09:40:00,2016-10-19 10:00:00)",87.7651138305664
B,3,"[2016-10-19 08:00:00,2016-10-19 08:20:00)",77.00853729248047
B,3,"[2016-10-19 08:20:00,2016-10-19 08:40:00)",77.27615356445312
B,3,"[2016-10-19 08:40:00,2016-10-19 09:00:00)",83.39247131347656
B,3,"[2016-10-19 09:00:00,2016-10-19 09:20:00)",82.1822280883789
B,3,"[2016-10-19 09:20:00,2016-10-19 09:40:00)",78.80952453613281
B,3,"[2016-10-19 09:40:00,2016-10-19 10:00:00)",82.549072265625
C,1,"[2016-10-19 08:00:00,2016-10-19 08:20:00)",159.2028350830078
C,1,"[2016-10-19 08:20:00,2016-10-19 08:40:00)",164.35594177246094
C,1,"[2016-10-19 08:40:00,2016-10-19 09:00:00)",162.29747009277344
C,1,"[2016-10-19 09:00:00,2016-10-19 09:20:00)",179.45272827148438
C,1,"[2016-10-19 09:20:00,2016-10-19 09:40:00)",183.7997589111328
C,1,"[2016-10-19 09:40:00,2016-10-19 10:00:00)",161.36439514160156
C,3,"[2016-10-19 08:00:00,2016-10-19 08:20:00)",121.06871032714844
C,3,"[2016-10-19 08:20:00,2016-10-19 08:40:00)",118.89205932617188
C,3,"[2016-10-19 08:40:00,2016-10-19 09:00:00)",110.4576416015625
C,3,"[2016-10-19 09:00:00,2016-10-19 09:20:00)",129.18258666992188
C,3,"[2016-10-19 09:20:00,2016-10-19 09:40:00)",123.6208267211914
C,3,"[2016-10-19 09:40:00,2016-10-19 10:00:00)",119.40577697753906
A,2,"[2016-10-20 08:00:00,2016-10-20 08:20:00)",77.7546157836914
A,2,"[2016-10-20 08:20:00,2016-10-20 08:40:00)",72.71604919433594
A,2,"[2016-10-20 08:40:00,2016-10-20 09:00:00)",55.62035369873047
A,2,"[2016-10-20 09:00:00,2016-10-20 09:20:00)",61.8935432434082
A,2,"[2016-10-20 09:20:00,2016-10-20 09:40:00)",62.763057708740234
A,2,"[2016-10-20 09:40:00,2016-10-20 10:00:00)",66.71054077148438
A,3,"[2016-10-20 08:00:00,2016-10-20 08:20:00)",153.1195068359375
A,3,"[2016-10-20 08:20:00,2016-10-20 08:40:00)",145.3098907470703
A,3,"[2016-10-20 08:40:00,2016-10-20 09:00:00)",124.81260681152344
A,3,"[2016-10-20 09:00:00,2016-10-20 09:20:00)",119.75732421875
A,3,"[2016-10-20 09:20:00,2016-10-20 09:40:00)",130.2421417236328
A,3,"[2016-10-20 09:40:00,2016-10-20 10:00:00)",117.05168151855469
B,1,"[2016-10-20 08:00:00,2016-10-20 08:20:00)",92.37773132324219
B,1,"[2016-10-20 08:20:00,2016-10-20 08:40:00)",96.20738220214844
B,1,"[2016-10-20 08:40:00,2016-10-20 09:00:00)",103.76844787597656
B,1,"[2016-10-20 09:00:00,2016-10-20 09:20:00)",94.02476501464844
B,1,"[2016-10-20 09:20:00,2016-10-20 09:40:00)",94.49382781982422
B,1,"[2016-10-20 09:40:00,2016-10-20 10:00:00)",90.3624496459961
B,3,"[2016-10-20 08:00:00,2016-10-20 08:20:00)",77.76960754394531
B,3,"[2016-10-20 08:20:00,2016-10-20 08:40:00)",75.40372467041016
B,3,"[2016-10-20 08:40:00,2016-10-20 09:00:00)",78.78801727294922
B,3,"[2016-10-20 09:00:00,2016-10-20 09:20:00)",79.04430389404297
B,3,"[2016-10-20 09:20:00,2016-10-20 09:40:00)",73.93175506591797
B,3,"[2016-10-20 09:40:00,2016-10-20 10:00:00)",64.77886962890625
C,1,"[2016-10-20 08:00:00,2016-10-20 08:20:00)",171.51675415039062
C,1,"[2016-10-20 08:20:00,2016-10-20 08:40:00)",184.3295440673828
C,1,"[2016-10-20 08:40:00,2016-10-20 09:00:00)",173.53985595703125
C,1,"[2016-10-20 09:00:00,2016-10-20 09:20:00)",223.9270477294922
C,1,"[2016-10-20 09:20:00,2016-10-20 09:40:00)",205.4889678955078
C,1,"[2016-10-20 09:40:00,2016-10-20 10:00:00)",192.62449645996094
C,3,"[2016-10-20 08:00:00,2016-10-20 08:20:00)",163.39390563964844
C,3,"[2016-10-20 08:20:00,2016-10-20 08:40:00)",124.14798736572266
C,3,"[2016-10-20 08:40:00,2016-10-20 09:00:00)",162.26304626464844
C,3,"[2016-10-20 09:00:00,2016-10-20 09:20:00)",177.41717529296875
C,3,"[2016-10-20 09:20:00,2016-10-20 09:40:00)",156.80613708496094
C,3,"[2016-10-20 09:40:00,2016-10-20 10:00:00)",120.65830993652344
A,2,"[2016-10-21 08:00:00,2016-10-21 08:20:00)",97.65705871582031
A,2,"[2016-10-21 08:20:00,2016-10-21 08:40:00)",76.28179168701172
A,2,"[2016-10-21 08:40:00,2016-10-21 09:00:00)",67.10182189941406
A,2,"[2016-10-21 09:00:00,2016-10-21 09:20:00)",59.794315338134766
A,2,"[2016-10-21 09:20:00,2016-10-21 09:40:00)",61.15884780883789
A,2,"[2016-10-21 09:40:00,2016-10-21 10:00:00)",56.74787521362305
A,3,"[2016-10-21 08:00:00,2016-10-21 08:20:00)",134.60733032226562
A,3,"[2016-10-21 08:20:00,2016-10-21 08:40:00)",133.1287841796875
A,3,"[2016-10-21 08:40:00,2016-10-21 09:00:00)",123.57508850097656
A,3,"[2016-10-21 09:00:00,2016-10-21 09:20:00)",120.76285552978516
A,3,"[2016-10-21 09:20:00,2016-10-21 09:40:00)",136.6909637451172
A,3,"[2016-10-21 09:40:00,2016-10-21 10:00:00)",122.50814819335938
B,1,"[2016-10-21 08:00:00,2016-10-21 08:20:00)",95.04776000976562
B,1,"[2016-10-21 08:20:00,2016-10-21 08:40:00)",94.40789031982422
B,1,"[2016-10-21 08:40:00,2016-10-21 09:00:00)",91.72352600097656
B,1,"[2016-10-21 09:00:00,2016-10-21 09:20:00)",109.71392822265625
B,1,"[2016-10-21 09:20:00,2016-10-21 09:40:00)",104.59850311279297
B,1,"[2016-10-21 09:40:00,2016-10-21 10:00:00)",95.79053497314453
B,3,"[2016-10-21 08:00:00,2016-10-21 08:20:00)",69.00361633300781
B,3,"[2016-10-21 08:20:00,2016-10-21 08:40:00)",78.77698516845703
B,3,"[2016-10-21 08:40:00,2016-10-21 09:00:00)",82.47267150878906
B,3,"[2016-10-21 09:00:00,2016-10-21 09:20:00)",70.11141967773438
B,3,"[2016-10-21 09:20:00,2016-10-21 09:40:00)",72.29411315917969
B,3,"[2016-10-21 09:40:00,2016-10-21 10:00:00)",66.70211029052734
C,1,"[2016-10-21 08:00:00,2016-10-21 08:20:00)",185.937744140625
C,1,"[2016-10-21 08:20:00,2016-10-21 08:40:00)",200.78314208984375
C,1,"[2016-10-21 08:40:00,2016-10-21 09:00:00)",191.68264770507812
C,1,"[2016-10-21 09:00:00,2016-10-21 09:20:00)",192.99099731445312
C,1,"[2016-10-21 09:20:00,2016-10-21 09:40:00)",171.85935974121094
C,1,"[2016-10-21 09:40:00,2016-10-21 10:00:00)",188.42665100097656
C,3,"[2016-10-21 08:00:00,2016-10-21 08:20:00)",139.9610137939453
C,3,"[2016-10-21 08:20:00,2016-10-21 08:40:00)",167.60739135742188
C,3,"[2016-10-21 08:40:00,2016-10-21 09:00:00)",151.2813262939453
C,3,"[2016-10-21 09:00:00,2016-10-21 09:20:00)",149.2856903076172
C,3,"[2016-10-21 09:20:00,2016-10-21 09:40:00)",151.49996948242188
C,3,"[2016-10-21 09:40:00,2016-10-21 10:00:00)",133.45338439941406
A,2,"[2016-10-22 08:00:00,2016-10-22 08:20:00)",111.9039306640625
A,2,"[2016-10-22 08:20:00,2016-10-22 08:40:00)",61.41493225097656
A,2,"[2016-10-22 08:40:00,2016-10-22 09:00:00)",56.06635665893555
A,2,"[2016-10-22 09:00:00,2016-10-22 09:20:00)",61.488101959228516
A,2,"[2016-10-22 09:20:00,2016-10-22 09:40:00)",61.294525146484375
A,2,"[2016-10-22 09:40:00,2016-10-22 10:00:00)",50.618587493896484
A,3,"[2016-10-22 08:00:00,2016-10-22 08:20:00)",116.6488037109375
A,3,"[2016-10-22 08:20:00,2016-10-22 08:40:00)",113.1288833618164
A,3,"[2016-10-22 08:40:00,2016-10-22 09:00:00)",114.4040298461914
A,3,"[2016-10-22 09:00:00,2016-10-22 09:20:00)",138.08489990234375
A,3,"[2016-10-22 09:20:00,2016-10-22 09:40:00)",107.33140563964844
A,3,"[2016-10-22 09:40:00,2016-10-22 10:00:00)",94.33805847167969
B,1,"[2016-10-22 08:00:00,2016-10-22 08:20:00)",107.36901092529297
B,1,"[2016-10-22 08:20:00,2016-10-22 08:40:00)",106.080078125
B,1,"[2016-10-22 08:40:00,2016-10-22 09:00:00)",105.53202819824219
B,1,"[2016-10-22 09:00:00,2016-10-22 09:20:00)",99.37762451171875
B,1,"[2016-10-22 09:20:00,2016-10-22 09:40:00)",97.25260925292969
B,1,"[2016-10-22 09:40:00,2016-10-22 10:00:00)",107.98717498779297
B,3,"[2016-10-22 08:00:00,2016-10-22 08:20:00)",81.57585906982422
B,3,"[2016-10-22 08:20:00,2016-10-22 08:40:00)",77.13742065429688
B,3,"[2016-10-22 08:40:00,2016-10-22 09:00:00)",73.72105407714844
B,3,"[2016-10-22 09:00:00,2016-10-22 09:20:00)",80.63481903076172
B,3,"[2016-10-22 09:20:00,2016-10-22 09:40:00)",63.1649169921875
B,3,"[2016-10-22 09:40:00,2016-10-22 10:00:00)",66.71286010742188
C,1,"[2016-10-22 08:00:00,2016-10-22 08:20:00)",164.67649841308594
C,1,"[2016-10-22 08:20:00,2016-10-22 08:40:00)",185.0340576171875
C,1,"[2016-10-22 08:40:00,2016-10-22 09:00:00)",188.5691375732422
C,1,"[2016-10-22 09:00:00,2016-10-22 09:20:00)",185.76528930664062
C,1,"[2016-10-22 09:20:00,2016-10-22 09:40:00)",185.37399291992188
C,1,"[2016-10-22 09:40:00,2016-10-22 10:00:00)",189.0127716064453
C,3,"[2016-10-22 08:00:00,2016-10-22 08:20:00)",135.2311248779297
C,3,"[2016-10-22 08:20:00,2016-10-22 08:40:00)",142.7943115234375
C,3,"[2016-10-22 08:40:00,2016-10-22 09:00:00)",138.31495666503906
C,3,"[2016-10-22 09:00:00,2016-10-22 09:20:00)",130.51394653320312
C,3,"[2016-10-22 09:20:00,2016-10-22 09:40:00)",136.08224487304688
C,3,"[2016-10-22 09:40:00,2016-10-22 10:00:00)",121.04134368896484
A,2,"[2016-10-23 08:00:00,2016-10-23 08:20:00)",65.97722625732422
A,2,"[2016-10-23 08:20:00,2016-10-23 08:40:00)",60.622615814208984
A,2,"[2016-10-23 08:40:00,2016-10-23 09:00:00)",56.839927673339844
A,2,"[2016-10-23 09:00:00,2016-10-23 09:20:00)",57.226993560791016
A,2,"[2016-10-23 09:20:00,2016-10-23 09:40:00)",56.30524826049805
A,2,"[2016-10-23 09:40:00,2016-10-23 10:00:00)",64.68499755859375
A,3,"[2016-10-23 08:00:00,2016-10-23 08:20:00)",101.10343170166016
A,3,"[2016-10-23 08:20:00,2016-10-23 08:40:00)",93.5871810913086
A,3,"[2016-10-23 08:40:00,2016-10-23 09:00:00)",85.59678649902344
A,3,"[2016-10-23 09:00:00,2016-10-23 09:20:00)",89.56983184814453
A,3,"[2016-10-23 09:20:00,2016-10-23 09:40:00)",98.46113586425781
A,3,"[2016-10-23 09:40:00,2016-10-23 10:00:00)",100.98421478271484
B,1,"[2016-10-23 08:00:00,2016-10-23 08:20:00)",99.08880615234375
B,1,"[2016-10-23 08:20:00,2016-10-23 08:40:00)",91.36480712890625
B,1,"[2016-10-23 08:40:00,2016-10-23 09:00:00)",90.49164581298828
B,1,"[2016-10-23 09:00:00,2016-10-23 09:20:00)",90.85264587402344
B,1,"[2016-10-23 09:20:00,2016-10-23 09:40:00)",108.09564971923828
B,1,"[2016-10-23 09:40:00,2016-10-23 10:00:00)",92.51422119140625
B,3,"[2016-10-23 08:00:00,2016-10-23 08:20:00)",74.74415588378906
B,3,"[2016-10-23 08:20:00,2016-10-23 08:40:00)",76.84628295898438
B,3,"[2016-10-23 08:40:00,2016-10-23 09:00:00)",65.84224700927734
B,3,"[2016-10-23 09:00:00,2016-10-23 09:20:00)",61.637577056884766
B,3,"[2016-10-23 09:20:00,2016-10-23 09:40:00)",72.1086654663086
B,3,"[2016-10-23 09:40:00,2016-10-23 10:00:00)",67.3552017211914
C,1,"[2016-10-23 08:00:00,2016-10-23 08:20:00)",171.18710327148438
C,1,"[2016-10-23 08:20:00,2016-10-23 08:40:00)",167.53062438964844
C,1,"[2016-10-23 08:40:00,2016-10-23 09:00:00)",157.75376892089844
C,1,"[2016-10-23 09:00:00,2016-10-23 09:20:00)",143.8603515625
C,1,"[2016-10-23 09:20:00,2016-10-23 09:40:00)",167.6053009033203
C,1,"[2016-10-23 09:40:00,2016-10-23 10:00:00)",160.49827575683594
C,3,"[2016-10-23 08:00:00,2016-10-23 08:20:00)",135.07550048828125
C,3,"[2016-10-23 08:20:00,2016-10-23 08:40:00)",125.55661010742188
C,3,"[2016-10-23 08:40:00,2016-10-23 09:00:00)",109.97408294677734
C,3,"[2016-10-23 09:00:00,2016-10-23 09:20:00)",95.59335327148438
C,3,"[2016-10-23 09:20:00,2016-10-23 09:40:00)",124.90516662597656
C,3,"[2016-10-23 09:40:00,2016-10-23 10:00:00)",105.39237213134766
A,2,"[2016-10-24 08:00:00,2016-10-24 08:20:00)",108.2173080444336
A,2,"[2016-10-24 08:20:00,2016-10-24 08:40:00)",66.21233367919922
A,2,"[2016-10-24 08:40:00,2016-10-24 09:00:00)",66.50152587890625
A,2,"[2016-10-24 09:00:00,2016-10-24 09:20:00)",71.81912231445312
A,2,"[2016-10-24 09:20:00,2016-10-24 09:40:00)",72.1446533203125
A,2,"[2016-10-24 09:40:00,2016-10-24 10:00:00)",67.75099182128906
A,3,"[2016-10-24 08:00:00,2016-10-24 08:20:00)",162.4360809326172
A,3,"[2016-10-24 08:20:00,2016-10-24 08:40:00)",146.56680297851562
A,3,"[2016-10-24 08:40:00,2016-10-24 09:00:00)",138.49398803710938
A,3,"[2016-10-24 09:00:00,2016-10-24 09:20:00)",112.90850067138672
A,3,"[2016-10-24 09:20:00,2016-10-24 09:40:00)",129.47889709472656
A,3,"[2016-10-24 09:40:00,2016-10-24 10:00:00)",120.59710693359375
B,1,"[2016-10-24 08:00:00,2016-10-24 08:20:00)",91.49017333984375
B,1,"[2016-10-24 08:20:00,2016-10-24 08:40:00)",96.68282318115234
B,1,"[2016-10-24 08:40:00,2016-10-24 09:00:00)",107.55763244628906
B,1,"[2016-10-24 09:00:00,2016-10-24 09:20:00)",100.72103118896484
B,1,"[2016-10-24 09:20:00,2016-10-24 09:40:00)",115.79525756835938
B,1,"[2016-10-24 09:40:00,2016-10-24 10:00:00)",102.7995376586914
B,3,"[2016-10-24 08:00:00,2016-10-24 08:20:00)",81.72484588623047
B,3,"[2016-10-24 08:20:00,2016-10-24 08:40:00)",87.6689453125
B,3,"[2016-10-24 08:40:00,2016-10-24 09:00:00)",81.37696838378906
B,3,"[2016-10-24 09:00:00,2016-10-24 09:20:00)",74.02655792236328
B,3,"[2016-10-24 09:20:00,2016-10-24 09:40:00)",75.69942474365234
B,3,"[2016-10-24 09:40:00,2016-10-24 10:00:00)",69.79653930664062
C,1,"[2016-10-24 08:00:00,2016-10-24 08:20:00)",182.06646728515625
C,1,"[2016-10-24 08:20:00,2016-10-24 08:40:00)",148.48153686523438
C,1,"[2016-10-24 08:40:00,2016-10-24 09:00:00)",176.05015563964844
C,1,"[2016-10-24 09:00:00,2016-10-24 09:20:00)",176.4813690185547
C,1,"[2016-10-24 09:20:00,2016-10-24 09:40:00)",193.38909912109375
C,1,"[2016-10-24 09:40:00,2016-10-24 10:00:00)",187.15492248535156
C,3,"[2016-10-24 08:00:00,2016-10-24 08:20:00)",196.37872314453125
C,3,"[2016-10-24 08:20:00,2016-10-24 08:40:00)",177.33453369140625
C,3,"[2016-10-24 08:40:00,2016-10-24 09:00:00)",142.78221130371094
C,3,"[2016-10-24 09:00:00,2016-10-24 09:20:00)",131.18234252929688
C,3,"[2016-10-24 09:20:00,2016-10-24 09:40:00)",126.73260498046875
C,3,"[2016-10-24 09:40:00,2016-10-24 10:00:00)",121.77095031738281
A,2,"[2016-10-18 17:00:00,2016-10-18 17:20:00)",57.41543960571289
A,2,"[2016-10-18 17:20:00,2016-10-18 17:40:00)",66.84220886230469
A,2,"[2016-10-18 17:40:00,2016-10-18 18:00:00)",63.48194122314453
A,2,"[2016-10-18 18:00:00,2016-10-18 18:20:00)",80.82276153564453
A,2,"[2016-10-18 18:20:00,2016-10-18 18:40:00)",67.86167907714844
A,2,"[2016-10-18 18:40:00,2016-10-18 19:00:00)",64.72566986083984
A,3,"[2016-10-18 17:00:00,2016-10-18 17:20:00)",109.3819808959961
A,3,"[2016-10-18 17:20:00,2016-10-18 17:40:00)",115.48219299316406
A,3,"[2016-10-18 17:40:00,2016-10-18 18:00:00)",105.04517364501953
A,3,"[2016-10-18 18:00:00,2016-10-18 18:20:00)",120.7826919555664
A,3,"[2016-10-18 18:20:00,2016-10-18 18:40:00)",111.69184112548828
A,3,"[2016-10-18 18:40:00,2016-10-18 19:00:00)",105.33067321777344
B,1,"[2016-10-18 17:00:00,2016-10-18 17:20:00)",108.99516296386719
B,1,"[2016-10-18 17:20:00,2016-10-18 17:40:00)",111.28922271728516
B,1,"[2016-10-18 17:40:00,2016-10-18 18:00:00)",114.58279418945312
B,1,"[2016-10-18 18:00:00,2016-10-18 18:20:00)",153.79220581054688
B,1,"[2016-10-18 18:20:00,2016-10-18 18:40:00)",89.82138061523438
B,1,"[2016-10-18 18:40:00,2016-10-18 19:00:00)",96.14309692382812
B,3,"[2016-10-18 17:00:00,2016-10-18 17:20:00)",72.60320281982422
B,3,"[2016-10-18 17:20:00,2016-10-18 17:40:00)",71.50184631347656
B,3,"[2016-10-18 17:40:00,2016-10-18 18:00:00)",74.73706817626953
B,3,"[2016-10-18 18:00:00,2016-10-18 18:20:00)",82.57821655273438
B,3,"[2016-10-18 18:20:00,2016-10-18 18:40:00)",73.18270874023438
B,3,"[2016-10-18 18:40:00,2016-10-18 19:00:00)",67.22257995605469
C,1,"[2016-10-18 17:00:00,2016-10-18 17:20:00)",172.4933319091797
C,1,"[2016-10-18 17:20:00,2016-10-18 17:40:00)",192.1912078857422
C,1,"[2016-10-18 17:40:00,2016-10-18 18:00:00)",195.16513061523438
C,1,"[2016-10-18 18:00:00,2016-10-18 18:20:00)",199.46275329589844
C,1,"[2016-10-18 18:20:00,2016-10-18 18:40:00)",181.05943298339844
C,1,"[2016-10-18 18:40:00,2016-10-18 19:00:00)",181.77825927734375
C,3,"[2016-10-18 17:00:00,2016-10-18 17:20:00)",148.0406951904297
C,3,"[2016-10-18 17:20:00,2016-10-18 17:40:00)",140.10464477539062
C,3,"[2016-10-18 17:40:00,2016-10-18 18:00:00)",139.47683715820312
C,3,"[2016-10-18 18:00:00,2016-10-18 18:20:00)",152.79417419433594
C,3,"[2016-10-18 18:20:00,2016-10-18 18:40:00)",132.87197875976562
C,3,"[2016-10-18 18:40:00,2016-10-18 19:00:00)",131.04220581054688
A,2,"[2016-10-19 17:00:00,2016-10-19 17:20:00)",72.5567855834961
A,2,"[2016-10-19 17:20:00,2016-10-19 17:40:00)",63.837398529052734
A,2,"[2016-10-19 17:40:00,2016-10-19 18:00:00)",66.612548828125
A,2,"[2016-10-19 18:00:00,2016-10-19 18:20:00)",58.6519660949707
A,2,"[2016-10-19 18:20:00,2016-10-19 18:40:00)",50.702552795410156
A,2,"[2016-10-19 18:40:00,2016-10-19 19:00:00)",56.700077056884766
A,3,"[2016-10-19 17:00:00,2016-10-19 17:20:00)",104.73306274414062
A,3,"[2016-10-19 17:20:00,2016-10-19 17:40:00)",102.65514373779297
A,3,"[2016-10-19 17:40:00,2016-10-19 18:00:00)",89.75643157958984
A,3,"[2016-10-19 18:00:00,2016-10-19 18:20:00)",107.792724609375
A,3,"[2016-10-19 18:20:00,2016-10-19 18:40:00)",99.47138214111328
A,3,"[2016-10-19 18:40:00,2016-10-19 19:00:00)",107.77626037597656
B,1,"[2016-10-19 17:00:00,2016-10-19 17:20:00)",118.51211547851562
B,1,"[2016-10-19 17:20:00,2016-10-19 17:40:00)",121.7281265258789
B,1,"[2016-10-19 17:40:00,2016-10-19 18:00:00)",115.48259735107422
B,1,"[2016-10-19 18:00:00,2016-10-19 18:20:00)",159.02125549316406
B,1,"[2016-10-19 18:20:00,2016-10-19 18:40:00)",118.43755340576172
B,1,"[2016-10-19 18:40:00,2016-10-19 19:00:00)",117.49959564208984
B,3,"[2016-10-19 17:00:00,2016-10-19 17:20:00)",78.96923828125
B,3,"[2016-10-19 17:20:00,2016-10-19 17:40:00)",81.39151000976562
B,3,"[2016-10-19 17:40:00,2016-10-19 18:00:00)",76.07655334472656
B,3,"[2016-10-19 18:00:00,2016-10-19 18:20:00)",75.0619888305664
B,3,"[2016-10-19 18:20:00,2016-10-19 18:40:00)",78.43421936035156
B,3,"[2016-10-19 18:40:00,2016-10-19 19:00:00)",68.57963562011719
C,1,"[2016-10-19 17:00:00,2016-10-19 17:20:00)",172.18663024902344
C,1,"[2016-10-19 17:20:00,2016-10-19 17:40:00)",216.01222229003906
C,1,"[2016-10-19 17:40:00,2016-10-19 18:00:00)",198.41275024414062
C,1,"[2016-10-19 18:00:00,2016-10-19 18:20:00)",219.47561645507812
C,1,"[2016-10-19 18:20:00,2016-10-19 18:40:00)",196.09898376464844
C,1,"[2016-10-19 18:40:00,2016-10-19 19:00:00)",206.05633544921875
C,3,"[2016-10-19 17:00:00,2016-10-19 17:20:00)",130.85997009277344
C,3,"[2016-10-19 17:20:00,2016-10-19 17:40:00)",118.00726318359375
C,3,"[2016-10-19 17:40:00,2016-10-19 18:00:00)",140.24725341796875
C,3,"[2016-10-19 18:00:00,2016-10-19 18:20:00)",151.51560974121094
C,3,"[2016-10-19 18:20:00,2016-10-19 18:40:00)",136.46011352539062
C,3,"[2016-10-19 18:40:00,2016-10-19 19:00:00)",131.21702575683594
A,2,"[2016-10-20 17:00:00,2016-10-20 17:20:00)",70.05194091796875
A,2,"[2016-10-20 17:20:00,2016-10-20 17:40:00)",71.9509506225586
A,2,"[2016-10-20 17:40:00,2016-10-20 18:00:00)",48.185340881347656
A,2,"[2016-10-20 18:00:00,2016-10-20 18:20:00)",57.01633071899414
A,2,"[2016-10-20 18:20:00,2016-10-20 18:40:00)",54.277008056640625
A,2,"[2016-10-20 18:40:00,2016-10-20 19:00:00)",58.21118927001953
A,3,"[2016-10-20 17:00:00,2016-10-20 17:20:00)",89.10939025878906
A,3,"[2016-10-20 17:20:00,2016-10-20 17:40:00)",101.62139129638672
A,3,"[2016-10-20 17:40:00,2016-10-20 18:00:00)",94.90106964111328
A,3,"[2016-10-20 18:00:00,2016-10-20 18:20:00)",101.64795684814453
A,3,"[2016-10-20 18:20:00,2016-10-20 18:40:00)",101.11740112304688
A,3,"[2016-10-20 18:40:00,2016-10-20 19:00:00)",94.617431640625
B,1,"[2016-10-20 17:00:00,2016-10-20 17:20:00)",106.3167953491211
B,1,"[2016-10-20 17:20:00,2016-10-20 17:40:00)",103.75328063964844
B,1,"[2016-10-20 17:40:00,2016-10-20 18:00:00)",102.73226928710938
B,1,"[2016-10-20 18:00:00,2016-10-20 18:20:00)",107.39764404296875
B,1,"[2016-10-20 18:20:00,2016-10-20 18:40:00)",113.04006958007812
B,1,"[2016-10-20 18:40:00,2016-10-20 19:00:00)",103.43853759765625
B,3,"[2016-10-20 17:00:00,2016-10-20 17:20:00)",84.10821533203125
B,3,"[2016-10-20 17:20:00,2016-10-20 17:40:00)",73.14668273925781
B,3,"[2016-10-20 17:40:00,2016-10-20 18:00:00)",74.39952850341797
B,3,"[2016-10-20 18:00:00,2016-10-20 18:20:00)",73.47647094726562
B,3,"[2016-10-20 18:20:00,2016-10-20 18:40:00)",79.26915740966797
B,3,"[2016-10-20 18:40:00,2016-10-20 19:00:00)",69.38319396972656
C,1,"[2016-10-20 17:00:00,2016-10-20 17:20:00)",168.8489227294922
C,1,"[2016-10-20 17:20:00,2016-10-20 17:40:00)",180.3433074951172
C,1,"[2016-10-20 17:40:00,2016-10-20 18:00:00)",170.3619384765625
C,1,"[2016-10-20 18:00:00,2016-10-20 18:20:00)",183.77371215820312
C,1,"[2016-10-20 18:20:00,2016-10-20 18:40:00)",173.4311981201172
C,1,"[2016-10-20 18:40:00,2016-10-20 19:00:00)",179.8538818359375
C,3,"[2016-10-20 17:00:00,2016-10-20 17:20:00)",132.67733764648438
C,3,"[2016-10-20 17:20:00,2016-10-20 17:40:00)",126.75214385986328
C,3,"[2016-10-20 17:40:00,2016-10-20 18:00:00)",131.63595581054688
C,3,"[2016-10-20 18:00:00,2016-10-20 18:20:00)",147.24708557128906
C,3,"[2016-10-20 18:20:00,2016-10-20 18:40:00)",127.26707458496094
C,3,"[2016-10-20 18:40:00,2016-10-20 19:00:00)",110.29740142822266
A,2,"[2016-10-21 17:00:00,2016-10-21 17:20:00)",57.05721664428711
A,2,"[2016-10-21 17:20:00,2016-10-21 17:40:00)",65.34840393066406
A,2,"[2016-10-21 17:40:00,2016-10-21 18:00:00)",67.56838989257812
A,2,"[2016-10-21 18:00:00,2016-10-21 18:20:00)",64.21601867675781
A,2,"[2016-10-21 18:20:00,2016-10-21 18:40:00)",67.73104858398438
A,2,"[2016-10-21 18:40:00,2016-10-21 19:00:00)",53.90663528442383
A,3,"[2016-10-21 17:00:00,2016-10-21 17:20:00)",104.34777069091797
A,3,"[2016-10-21 17:20:00,2016-10-21 17:40:00)",105.7796630859375
A,3,"[2016-10-21 17:40:00,2016-10-21 18:00:00)",108.66997528076172
A,3,"[2016-10-21 18:00:00,2016-10-21 18:20:00)",110.06476593017578
A,3,"[2016-10-21 18:20:00,2016-10-21 18:40:00)",108.91423034667969
A,3,"[2016-10-21 18:40:00,2016-10-21 19:00:00)",111.97222900390625
B,1,"[2016-10-21 17:00:00,2016-10-21 17:20:00)",118.84455871582031
B,1,"[2016-10-21 17:20:00,2016-10-21 17:40:00)",122.01292419433594
B,1,"[2016-10-21 17:40:00,2016-10-21 18:00:00)",114.81580352783203
B,1,"[2016-10-21 18:00:00,2016-10-21 18:20:00)",119.66407012939453
B,1,"[2016-10-21 18:20:00,2016-10-21 18:40:00)",101.23796844482422
B,1,"[2016-10-21 18:40:00,2016-10-21 19:00:00)",110.95166015625
B,3,"[2016-10-21 17:00:00,2016-10-21 17:20:00)",79.91630554199219
B,3,"[2016-10-21 17:20:00,2016-10-21 17:40:00)",80.60621643066406
B,3,"[2016-10-21 17:40:00,2016-10-21 18:00:00)",77.31951141357422
B,3,"[2016-10-21 18:00:00,2016-10-21 18:20:00)",72.58748626708984
B,3,"[2016-10-21 18:20:00,2016-10-21 18:40:00)",70.888671875
B,3,"[2016-10-21 18:40:00,2016-10-21 19:00:00)",73.80003356933594
C,1,"[2016-10-21 17:00:00,2016-10-21 17:20:00)",186.46412658691406
C,1,"[2016-10-21 17:20:00,2016-10-21 17:40:00)",200.2834014892578
C,1,"[2016-10-21 17:40:00,2016-10-21 18:00:00)",213.80111694335938
C,1,"[2016-10-21 18:00:00,2016-10-21 18:20:00)",175.15199279785156
C,1,"[2016-10-21 18:20:00,2016-10-21 18:40:00)",219.27212524414062
C,1,"[2016-10-21 18:40:00,2016-10-21 19:00:00)",208.685302734375
C,3,"[2016-10-21 17:00:00,2016-10-21 17:20:00)",131.74176025390625
C,3,"[2016-10-21 17:20:00,2016-10-21 17:40:00)",128.4338836669922
C,3,"[2016-10-21 17:40:00,2016-10-21 18:00:00)",134.7075958251953
C,3,"[2016-10-21 18:00:00,2016-10-21 18:20:00)",116.4271240234375
C,3,"[2016-10-21 18:20:00,2016-10-21 18:40:00)",116.02822875976562
C,3,"[2016-10-21 18:40:00,2016-10-21 19:00:00)",138.5220489501953
A,2,"[2016-10-22 17:00:00,2016-10-22 17:20:00)",85.09366607666016
A,2,"[2016-10-22 17:20:00,2016-10-22 17:40:00)",63.773170471191406
A,2,"[2016-10-22 17:40:00,2016-10-22 18:00:00)",76.24669647216797
A,2,"[2016-10-22 18:00:00,2016-10-22 18:20:00)",61.9622802734375
A,2,"[2016-10-22 18:20:00,2016-10-22 18:40:00)",48.387779235839844
A,2,"[2016-10-22 18:40:00,2016-10-22 19:00:00)",64.86236572265625
A,3,"[2016-10-22 17:00:00,2016-10-22 17:20:00)",100.08241271972656
A,3,"[2016-10-22 17:20:00,2016-10-22 17:40:00)",90.67610931396484
A,3,"[2016-10-22 17:40:00,2016-10-22 18:00:00)",96.19158935546875
A,3,"[2016-10-22 18:00:00,2016-10-22 18:20:00)",108.06776428222656
A,3,"[2016-10-22 18:20:00,2016-10-22 18:40:00)",92.10345458984375
A,3,"[2016-10-22 18:40:00,2016-10-22 19:00:00)",102.79303741455078
B,1,"[2016-10-22 17:00:00,2016-10-22 17:20:00)",114.856689453125
B,1,"[2016-10-22 17:20:00,2016-10-22 17:40:00)",103.18550109863281
B,1,"[2016-10-22 17:40:00,2016-10-22 18:00:00)",110.1461410522461
B,1,"[2016-10-22 18:00:00,2016-10-22 18:20:00)",109.82762145996094
B,1,"[2016-10-22 18:20:00,2016-10-22 18:40:00)",108.05561065673828
B,1,"[2016-10-22 18:40:00,2016-10-22 19:00:00)",110.95294189453125
B,3,"[2016-10-22 17:00:00,2016-10-22 17:20:00)",79.34370422363281
B,3,"[2016-10-22 17:20:00,2016-10-22 17:40:00)",77.9656753540039
B,3,"[2016-10-22 17:40:00,2016-10-22 18:00:00)",72.90640258789062
B,3,"[2016-10-22 18:00:00,2016-10-22 18:20:00)",79.3350830078125
B,3,"[2016-10-22 18:20:00,2016-10-22 18:40:00)",85.14842224121094
B,3,"[2016-10-22 18:40:00,2016-10-22 19:00:00)",71.47244262695312
C,1,"[2016-10-22 17:00:00,2016-10-22 17:20:00)",193.01388549804688
C,1,"[2016-10-22 17:20:00,2016-10-22 17:40:00)",178.5548858642578
C,1,"[2016-10-22 17:40:00,2016-10-22 18:00:00)",200.637451171875
C,1,"[2016-10-22 18:00:00,2016-10-22 18:20:00)",184.15109252929688
C,1,"[2016-10-22 18:20:00,2016-10-22 18:40:00)",179.41128540039062
C,1,"[2016-10-22 18:40:00,2016-10-22 19:00:00)",194.4630889892578
C,3,"[2016-10-22 17:00:00,2016-10-22 17:20:00)",125.2426528930664
C,3,"[2016-10-22 17:20:00,2016-10-22 17:40:00)",167.890869140625
C,3,"[2016-10-22 17:40:00,2016-10-22 18:00:00)",139.16714477539062
C,3,"[2016-10-22 18:00:00,2016-10-22 18:20:00)",144.95159912109375
C,3,"[2016-10-22 18:20:00,2016-10-22 18:40:00)",117.92525482177734
C,3,"[2016-10-22 18:40:00,2016-10-22 19:00:00)",106.1585693359375
A,2,"[2016-10-23 17:00:00,2016-10-23 17:20:00)",55.61381530761719
A,2,"[2016-10-23 17:20:00,2016-10-23 17:40:00)",60.76939010620117
A,2,"[2016-10-23 17:40:00,2016-10-23 18:00:00)",65.56641387939453
A,2,"[2016-10-23 18:00:00,2016-10-23 18:20:00)",59.25981521606445
A,2,"[2016-10-23 18:20:00,2016-10-23 18:40:00)",57.291015625
A,2,"[2016-10-23 18:40:00,2016-10-23 19:00:00)",46.22337341308594
A,3,"[2016-10-23 17:00:00,2016-10-23 17:20:00)",106.40448760986328
A,3,"[2016-10-23 17:20:00,2016-10-23 17:40:00)",99.94876098632812
A,3,"[2016-10-23 17:40:00,2016-10-23 18:00:00)",117.14814758300781
A,3,"[2016-10-23 18:00:00,2016-10-23 18:20:00)",122.7468032836914
A,3,"[2016-10-23 18:20:00,2016-10-23 18:40:00)",109.47745513916016
A,3,"[2016-10-23 18:40:00,2016-10-23 19:00:00)",108.0707778930664
B,1,"[2016-10-23 17:00:00,2016-10-23 17:20:00)",121.57552337646484
B,1,"[2016-10-23 17:20:00,2016-10-23 17:40:00)",121.74485778808594
B,1,"[2016-10-23 17:40:00,2016-10-23 18:00:00)",115.01969146728516
B,1,"[2016-10-23 18:00:00,2016-10-23 18:20:00)",110.17609405517578
B,1,"[2016-10-23 18:20:00,2016-10-23 18:40:00)",98.04622650146484
B,1,"[2016-10-23 18:40:00,2016-10-23 19:00:00)",103.42658233642578
B,3,"[2016-10-23 17:00:00,2016-10-23 17:20:00)",79.42414093017578
B,3,"[2016-10-23 17:20:00,2016-10-23 17:40:00)",76.0347671508789
B,3,"[2016-10-23 17:40:00,2016-10-23 18:00:00)",76.10447692871094
B,3,"[2016-10-23 18:00:00,2016-10-23 18:20:00)",83.4910659790039
B,3,"[2016-10-23 18:20:00,2016-10-23 18:40:00)",73.47357177734375
B,3,"[2016-10-23 18:40:00,2016-10-23 19:00:00)",66.15847778320312
C,1,"[2016-10-23 17:00:00,2016-10-23 17:20:00)",188.29251098632812
C,1,"[2016-10-23 17:20:00,2016-10-23 17:40:00)",195.27117919921875
C,1,"[2016-10-23 17:40:00,2016-10-23 18:00:00)",174.8230438232422
C,1,"[2016-10-23 18:00:00,2016-10-23 18:20:00)",156.33401489257812
C,1,"[2016-10-23 18:20:00,2016-10-23 18:40:00)",175.57968139648438
C,1,"[2016-10-23 18:40:00,2016-10-23 19:00:00)",184.08489990234375
C,3,"[2016-10-23 17:00:00,2016-10-23 17:20:00)",139.63063049316406
C,3,"[2016-10-23 17:20:00,2016-10-23 17:40:00)",143.1050262451172
C,3,"[2016-10-23 17:40:00,2016-10-23 18:00:00)",140.17520141601562
C,3,"[2016-10-23 18:00:00,2016-10-23 18:20:00)",114.6785888671875
C,3,"[2016-10-23 18:20:00,2016-10-23 18:40:00)",127.87809753417969
C,3,"[2016-10-23 18:40:00,2016-10-23 19:00:00)",150.3993682861328
A,2,"[2016-10-24 17:00:00,2016-10-24 17:20:00)",75.09754943847656
A,2,"[2016-10-24 17:20:00,2016-10-24 17:40:00)",76.42542266845703
A,2,"[2016-10-24 17:40:00,2016-10-24 18:00:00)",67.31706237792969
A,2,"[2016-10-24 18:00:00,2016-10-24 18:20:00)",63.081390380859375
A,2,"[2016-10-24 18:20:00,2016-10-24 18:40:00)",56.784603118896484
A,2,"[2016-10-24 18:40:00,2016-10-24 19:00:00)",61.97220993041992
A,3,"[2016-10-24 17:00:00,2016-10-24 17:20:00)",106.41059875488281
A,3,"[2016-10-24 17:20:00,2016-10-24 17:40:00)",96.67837524414062
A,3,"[2016-10-24 17:40:00,2016-10-24 18:00:00)",99.55847930908203
A,3,"[2016-10-24 18:00:00,2016-10-24 18:20:00)",104.18582916259766
A,3,"[2016-10-24 18:20:00,2016-10-24 18:40:00)",99.22335052490234
A,3,"[2016-10-24 18:40:00,2016-10-24 19:00:00)",97.83430480957031
B,1,"[2016-10-24 17:00:00,2016-10-24 17:20:00)",101.69992065429688
B,1,"[2016-10-24 17:20:00,2016-10-24 17:40:00)",97.4843978881836
B,1,"[2016-10-24 17:40:00,2016-10-24 18:00:00)",101.27400207519531
B,1,"[2016-10-24 18:00:00,2016-10-24 18:20:00)",116.17423248291016
B,1,"[2016-10-24 18:20:00,2016-10-24 18:40:00)",90.94629669189453
B,1,"[2016-10-24 18:40:00,2016-10-24 19:00:00)",111.36372375488281
B,3,"[2016-10-24 17:00:00,2016-10-24 17:20:00)",76.08819580078125
B,3,"[2016-10-24 17:20:00,2016-10-24 17:40:00)",72.13404846191406
B,3,"[2016-10-24 17:40:00,2016-10-24 18:00:00)",75.91748809814453
B,3,"[2016-10-24 18:00:00,2016-10-24 18:20:00)",79.92189025878906
B,3,"[2016-10-24 18:20:00,2016-10-24 18:40:00)",71.06852722167969
B,3,"[2016-10-24 18:40:00,2016-10-24 19:00:00)",72.05321502685547
C,1,"[2016-10-24 17:00:00,2016-10-24 17:20:00)",186.36509704589844
C,1,"[2016-10-24 17:20:00,2016-10-24 17:40:00)",188.53199768066406
C,1,"[2016-10-24 17:40:00,2016-10-24 18:00:00)",176.98367309570312
C,1,"[2016-10-24 18:00:00,2016-10-24 18:20:00)",164.29684448242188
C,1,"[2016-10-24 18:20:00,2016-10-24 18:40:00)",170.59841918945312
C,1,"[2016-10-24 18:40:00,2016-10-24 19:00:00)",178.9656982421875
C,3,"[2016-10-24 17:00:00,2016-10-24 17:20:00)",135.21328735351562
C,3,"[2016-10-24 17:20:00,2016-10-24 17:40:00)",121.0340805053711
C,3,"[2016-10-24 17:40:00,2016-10-24 18:00:00)",135.44467163085938
C,3,"[2016-10-24 18:00:00,2016-10-24 18:20:00)",123.9619369506836
C,3,"[2016-10-24 18:20:00,2016-10-24 18:40:00)",123.51426696777344
C,3,"[2016-10-24 18:40:00,2016-10-24 19:00:00)",117.34044647216797
